一级分类,二级分类,三级分类
安全防护,头部防护,安全帽
安全防护,头部防护,安全帽配件
安全防护,头部防护,防护帽
安全防护,头部防护,工作帽
安全防护,面部防护,防护面罩
安全防护,面部防护,防护眼镜
安全防护,面部防护,口罩
安全防护,手部防护,基础劳保手套
安全防护,手部防护,涂层手套
安全防护,手部防护,防护手套
安全防护,手部防护,一次性手套
安全防护,手部防护,消防手套
安全防护,手部防护,袖套
安全防护,身体防护,工作服
安全防护,身体防护,交通反光服
安全防护,身体防护,防护服
安全防护,身体防护,雨衣
安全防护,足部防护,消防靴
安全防护,足部防护,安全鞋靴
安全防护,足部防护,防护鞋靴
安全防护,足部防护,商务鞋
安全防护,足部防护,鞋套/鞋
安全防护,安全绳网,安全带
安全防护,安全绳网,安全钩
安全防护,安全绳网,安全网
安全防护,安全绳网,绳
安全防护,安全绳网,遮阳网/防尘网
安全防护,防护制品,篷布
安全防护,防护制品,苫布
安全防护,防护制品,蓝银布
安全防护,防护制品,彩条布
安全防护,防护制品,帆布
安全防护,防护制品,帐篷
安全防护,防护制品,地膜
安全防护,防护制品,伪装网
安全防护,防护制品,毛毡
安全防护,防护制品,仿真草坪
安全防护,应急救援,救援应急
安全防护,应急救援,防雨防汛
安全防护,应急救援,应急灯
安全防护,交通安全,警示用品
安全防护,交通安全,围栏
安全防护,交通安全,防撞用品
安全防护,交通安全,减速用品
安全防护,劳保用品,安全帽
安全防护,劳保用品,安全鞋
安全防护,劳保用品,反光背心
安全防护,劳保用品,防护手套
安全防护,劳保用品,防护眼镜
安全防护,劳保用品,防尘口罩
安全防护,劳保用品,防毒面具
安全防护,工地辅材,工地标识牌
安全防护,工地辅材,警示牌
安全防护,工地辅材,安全网
安全防护,工地辅材,遮阳网
安全防护,工地辅材,防尘网
安全防护,工地辅材,土工布
安全防护,工地辅材,格栅
电工电气,电力电缆,YJV电力电缆
电工电气,电力电缆,YJLV电力电缆
电工电气,电力电缆,YJY电力电缆
电工电气,电力电缆,YJE电力电缆
电工电气,电力电缆,VLV电力电缆
电工电气,控制电缆,KVV控制电缆
电工电气,控制电缆,KVVP控制电缆
电工电气,控制电缆,KVVR控制电缆
电工电气,通信电缆,HYA通信电缆
电工电气,通信电缆,HYAT通信电缆
电工电气,通信电缆,HYACT通信电缆
电工电气,同轴电缆,SYWV同轴电缆
电工电气,橡套电缆,橡套电缆
电工电气,橡套电缆,焊把线
电工电气,矿用电缆,BTTZ矿物绝缘电缆
电工电气,矿用电缆,BTLY矿物绝缘电缆
电工电气,其他电缆,光缆
电工电气,电线,BYJ电线
电工电气,电线,双绞线
电工电气,电线,RVP屏蔽线
电工电气,电线,铝芯电线
电工电气,电线,铜芯电线
电工电气,电线,护套线
电工电气,网线,屏蔽网线
电工电气,网线,非屏蔽网线
电工电气,电气仪表,电能表
电工电气,电气仪表,万用表
电工电气,电气仪表,电压表
电工电气,电气仪表,兆欧表
电工电气,电气仪表,测试仪
电工电气,电气仪表,验电工具
电工电气,电工箱器,互感器
电工电气,电工箱器,变压器
电工电气,电工箱器,多媒体信息箱
电工电气,电工箱器,接触器
电工电气,电工箱器,电表箱
电工电气,电工箱器,稳压器
电工电气,电工箱器,限电器
电工电气,电工箱器,接地端子箱
电工电气,线路铺设,变电工具
电工电气,线路铺设,可挠金属软管
电工电气,线路铺设,塑料穿线管
电工电气,线路铺设,塑料穿线管连接件
电工电气,线路铺设,接线盒
电工电气,线路铺设,接线端子
电工电气,绝缘材料,扎带
电工电气,绝缘材料,接地
电工电气,绝缘材料,断路器
电工电气,绝缘材料,线路元件
电工电气,绝缘材料,绝缘元件
电工电气,绝缘材料,绝缘布
电工电气,绝缘材料,避雷
电工电气,开关插座,弱电插座
电工电气,开关插座,插卡取电开关
电工电气,开关插座,播头
电工电气,开关插座,插线板
电工电气,开关插座,普通面板开关
电工电气,开关插座,电子感应开关
电工电气,开关插座,电源插座
电工电气,开关插座,面板
电工电气,开关插座,一开单控开关
电工电气,开关插座,一开双控开关
电工电气,开关插座,二开开关
电工电气,开关插座,三开开关
电工电气,开关插座,四开开关
电工电气,开关插座,五孔插座
电工电气,开关插座,七孔插座
电工电气,开关插座,16A插座
电工电气,开关插座,USB插座
电工电气,弱电系统,对讲
电工电气,弱电系统,监控
电工电气,弱电系统,门禁
电工电气,低压电气,低压断路器
电工电气,低压电气,低压接触器
电工电气,低压电气,低压继电器
电工电气,低压电气,低压配电柜
电工电气,低压电气,低压配电箱辅材
卫浴照明,光源,LED光源
卫浴照明,光源,灯带
卫浴照明,光源,特殊照明光源
卫浴照明,光源,白炽灯
卫浴照明,光源,钨丝灯/碘钨灯
卫浴照明,光源,节能灯
卫浴照明,光源,荧光灯
卫浴照明,洁具卫浴配件,地漏
卫浴照明,洁具卫浴配件,存水弯
卫浴照明,洁具卫浴配件,感应器
卫浴照明,洁具卫浴配件,接头
卫浴照明,洁具卫浴配件,支架
卫浴照明,洁具卫浴配件,软管
卫浴照明,洁具卫浴配件,面盆落水
卫浴照明,灯具,三防灯
卫浴照明,灯具,信号灯
卫浴照明,灯具,吊灯
卫浴照明,灯具,吸顶灯
卫浴照明,灯具,塔吊灯
卫浴照明,灯具,工矿灯
卫浴照明,灯具,平板灯
卫浴照明,灯具,手提灯/手电筒/头灯
卫浴照明,灯具,投光灯
卫浴照明,灯具,标志/应急灯
卫浴照明,灯具,格栅灯
卫浴照明,灯具,筒灯/射灯
卫浴照明,灯具,道路灯
卫浴照明,灯具,防爆灯
卫浴照明,照明配件,灯口
卫浴照明,照明配件,电子镇流器
卫浴照明,阀门类,冲洗阀
卫浴照明,阀门类,沐浴阀
卫浴照明,阀门类,浮球阀
卫浴照明,阀门类,角阀
卫浴照明,陶瓷制品,坐便器
卫浴照明,陶瓷制品,小便器
卫浴照明,陶瓷制品,拖布池
卫浴照明,陶瓷制品,洗手盆
卫浴照明,陶瓷制品,蹲便器
卫浴照明,陶瓷制品,面盆
卫浴照明,龙头,冲洗水龙头
卫浴照明,龙头,净水龙头
卫浴照明,龙头,厨用龙头
卫浴照明,龙头,快开龙头
卫浴照明,龙头,拖把池龙头
卫浴照明,龙头,洗衣机龙头
卫浴照明,龙头,电热龙头
卫浴照明,龙头,花洒
卫浴照明,龙头,面盆龙头
卫浴照明,LED照明,LED平板灯
卫浴照明,LED照明,LED筒灯
卫浴照明,LED照明,LED射灯
卫浴照明,LED照明,LED灯带
卫浴照明,LED照明,LED工矿灯
卫浴照明,LED照明,LED防爆灯
卫浴照明,卫浴洁具,马桶
卫浴照明,卫浴洁具,坐便器
卫浴照明,卫浴洁具,蹲便器
卫浴照明,卫浴洁具,小便器
卫浴照明,卫浴洁具,洗手盆
卫浴照明,卫浴洁具,面盆
卫浴照明,卫浴洁具,拖布池
卫浴照明,卫浴洁具,立柱盆
卫浴照明,卫浴洁具,浴室柜
卫浴照明,卫浴配件,水龙头
卫浴照明,卫浴配件,花洒
卫浴照明,卫浴配件,角阀
卫浴照明,卫浴配件,地漏
卫浴照明,卫浴配件,软管
卫浴照明,卫浴配件,挂件
卫浴照明,卫浴配件,毛巾架
卫浴照明,卫浴配件,置物架
卫浴照明,卫浴配件,浴室镜
五金紧固,内六角螺栓,U型螺栓
五金紧固,内六角螺栓,丝杆
五金紧固,内六角螺栓,内六角圆柱头螺钉
五金紧固,内六角螺栓,内六角梅花圆柱头螺钉
五金紧固,内六角螺栓,内六角沉头螺钉
五金紧固,内六角螺栓,吊环螺栓
五金紧固,内六角螺栓,外六角普通螺栓
五金紧固,内六角螺栓,外六角法兰面螺栓
五金紧固,内六角螺栓,扣件螺丝
五金紧固,内六角螺栓,活结螺栓
五金紧固,内六角螺栓,花篮螺栓
五金紧固,内六角螺栓,螺柱
五金紧固,内六角螺栓,钢结构用高强度螺栓
五金紧固,内六角螺栓,马车螺栓
五金紧固,垫圈/销键,半圆键
五金紧固,垫圈/销键,垫圈
五金紧固,垫圈/销键,平键
五金紧固,垫圈/销键,挡圈
五金紧固,垫圈/销键,销
五金紧固,定制件/建筑配件,U型预埋拉环
五金紧固,定制件/建筑配件,地脚螺栓
五金紧固,定制件/建筑配件,扣件
五金紧固,定制件/建筑配件,木模板
五金紧固,定制件/建筑配件,楼梯连接件
五金紧固,定制件/建筑配件,止水螺杆
五金紧固,定制件/建筑配件,止水钢板
五金紧固,定制件/建筑配件,穿墙螺杆
五金紧固,定制件/建筑配件,钢筋马镫
五金紧固,定制件/建筑配件,预埋钢板
五金紧固,螺母,六角螺母
五金紧固,螺母,蝶形螺母
五金紧固,螺母,锁紧螺母
五金紧固,螺钉,六角钻尾自攻钉
五金紧固,螺钉,十字槽自攻钉
五金紧固,螺钉,十字槽钻尾螺钉
五金紧固,螺钉,机螺钉
五金紧固,钉子,圆钉
五金紧固,钉子,地板钉
五金紧固,钉子,射钉
五金紧固,钉子,排钉
五金紧固,钉子,水泥钉
五金紧固,钉子,沉降观测钉
五金紧固,钉子,焊钉
五金紧固,钉子,码钉
五金紧固,钉子,铆钉
五金紧固,锚栓,化学锚栓
五金紧固,锚栓,膨胀勾
五金紧固,锚栓,膨胀管
五金紧固,锚栓,膨胀螺栓
五金紧固,手动工具,扳手
五金紧固,手动工具,螺丝刀
五金紧固,手动工具,钳子
五金紧固,手动工具,锤子
五金紧固,手动工具,卷尺
五金紧固,手动工具,水平仪
五金紧固,手动工具,角尺
五金紧固,手动工具,锉刀
五金紧固,手动工具,锯子
五金紧固,电动工具,电钻
五金紧固,电动工具,角磨机
五金紧固,电动工具,切割机
五金紧固,电动工具,电锤
五金紧固,电动工具,冲击钻
五金紧固,电动工具,砂轮机
五金紧固,电动工具,电圆锯
五金紧固,电动工具,曲线锯
工具耗材,园林工具,刮板
工具耗材,园林工具,灰板
工具耗材,园林工具,割草
工具耗材,园林工具,吊线锤
工具耗材,园林工具,喷壶
工具耗材,园林工具,洒水壶
工具耗材,园林工具,喷头
工具耗材,园林工具,喷枪
工具耗材,园林工具,喷涂机
工具耗材,园林工具,喷雾器
工具耗材,园林工具,墨斗/墨汁
工具耗材,园林工具,工具刷
工具耗材,园林工具,抹子
工具耗材,园林工具,撬棍
工具耗材,园林工具,油灰刀
工具耗材,园林工具,洋镐
工具耗材,园林工具,线坠
工具耗材,园林工具,锹
工具耗材,套装商品,工具箱包
工具耗材,套装商品,组套工具
工具耗材,实验器材,养护室加湿器
工具耗材,实验器材,回弹仪
工具耗材,实验器材,明厚度测定仪
工具耗材,实验器材,塑料试模脱模枪
工具耗材,实验器材,弯沉仪
工具耗材,实验器材,测厚仪
工具耗材,实验器材,混凝土振动台
工具耗材,实验器材,电子天平
工具耗材,实验器材,砂浆稠度仪
工具耗材,实验器材,砼标养箱
工具耗材,实验器材,触探仪
工具耗材,实验器材,试模
工具耗材,实验器材,试验烧杯
工具耗材,实验器材,钢筋保护层测定仪
工具耗材,工具耗材,云石片
工具耗材,工具耗材,减震器
工具耗材,工具耗材,切割片
工具耗材,工具耗材,割嘴
工具耗材,工具耗材,开孔器
工具耗材,工具耗材,气瓶
工具耗材,工具耗材,水钻头
工具耗材,工具耗材,钢丝刷/丝轮
工具耗材,工具耗材,钻头
工具耗材,工具耗材,锯条
工具耗材,工具耗材,锚栓
工具耗材,工具耗材,除锈材料
工具耗材,工具配件,钻头
工具耗材,工具配件,锯片
工具耗材,工具配件,切割片
工具耗材,工具配件,磨片
工具耗材,工具配件,砂轮片
工具耗材,工具配件,开孔器
工具耗材,工具配件,水钻头
工具耗材,工具配件,云石片
给水排水,法兰,PE法兰
给水排水,法兰,PPR法兰
给水排水,法兰,PVC给水管法兰
给水排水,法兰,对焊法兰
给水排水,法兰,平焊法兰
给水排水,法兰,法兰垫
给水排水,法兰,法兰片
给水排水,法兰,法兰盖
给水排水,法兰,螺纹法兰
给水排水,管件,ABS管件
给水排水,管件,HDPE管件
给水排水,管件,PBT管件
给水排水,管件,PE管件
给水排水,管件,PPR给水管件
给水排水,管件,PSP钢塑复合压力管件
给水排水,管件,PVC-U双壁波纹管件
给水排水,管件,PVC-U排水管件
给水排水,管件,PVC-U给水管件
给水排水,管件,不锈钢管件
给水排水,管件,其他管件
给水排水,管件,沟槽管件
给水排水,管件,碳钢管件
给水排水,管件,衬塑管件
给水排水,管件,铜管件
给水排水,管件,铝塑复合管件
给水排水,管件,铸铁排水管件
给水排水,管件,镀锌/玛钢管件
给水排水,管件,镀锌管件
给水排水,管材,PB管
给水排水,管材,PE管
给水排水,管材,PPR给水管
给水排水,管材,PVC-U双壁波纹管
给水排水,管材,PVC-U给水管
给水排水,管材,不锈钢管
给水排水,管材,其他水管
给水排水,管材,铝塑复合管
给水排水,管材,铸铁排水管
给水排水,软接头,不锈钢金属软管
给水排水,软接头,单球橡胶软接头
给水排水,软接头,双球橡胶软接头
给水排水,阀门,PE阀门
给水排水,阀门,PPR阀门
给水排水,阀门,PVC-U阀门
给水排水,阀门,倒流防止器
给水排水,阀门,减压阀
给水排水,阀门,安全阀
给水排水,阀门,平衡阀
给水排水,阀门,底阀
给水排水,阀门,截止阀
给水排水,阀门,排气阀
给水排水,阀门,旋塞阀
给水排水,阀门,止回阀
给水排水,阀门,水位控制阀
给水排水,阀门,水力控制阀
给水排水,阀门,温控阀
给水排水,阀门,球阀
给水排水,阀门,电磁阀
给水排水,阀门,过滤器
给水排水,阀门,闸阀
给水排水,管材管件,镀锌管
给水排水,管材管件,焊管
给水排水,管材管件,无缝管
给水排水,管材管件,不锈钢管
给水排水,管材管件,PVC管
给水排水,管材管件,PPR管
给水排水,管材管件,PE管
给水排水,管材管件,ABS管
给水排水,阀门管件,球阀
给水排水,阀门管件,闸阀
给水排水,阀门管件,截止阀
给水排水,阀门管件,止回阀
给水排水,阀门管件,减压阀
给水排水,阀门管件,安全阀
给水排水,阀门管件,蝶阀
给水排水,阀门管件,疏水阀
消防暖通,其他灭火器材,其他消防器材
消防暖通,其他灭火器材,成套气体灭火设备
消防暖通,其他灭火器材,泡沫灭火装置
消防暖通,其他灭火器材,灭火散材
消防暖通,市政排水,HDPE管
消防暖通,市政排水,树脂排水沟
消防暖通,市政排水,水泥排水管
消防暖通,市政排水,球墨铸铁管
消防暖通,市政排水,球墨铸铁管件
消防暖通,市政排水,补偿器
消防暖通,市政排水,预应力波纹管
消防暖通,市政绿化,景观植物
消防暖通,检查井材料,井圈/井座
消防暖通,检查井材料,井筒
消防暖通,检查井材料,圆形井盖
消防暖通,检查井材料,密封圈
消防暖通,检查井材料,成品污水井
消防暖通,检查井材料,方形井盖
消防暖通,检查井材料,热缩套
消防暖通,检查井材料,篦子
消防暖通,检查井材料,钢格栅沟盖
消防暖通,检查井材料,螺栓水泥沟盖板
消防暖通,检查井材料,雨水收集口
消防暖通,检查井材料,预制混凝土井板
消防暖通,水灭火系统,其他器材
消防暖通,水灭火系统,水流指示器
消防暖通,水灭火系统,消火栓
消防暖通,水灭火系统,消火栓箱
消防暖通,水灭火系统,消防专用阀门
消防暖通,水灭火系统,消防卡箍
消防暖通,水灭火系统,消防卷盘
消防暖通,水灭火系统,消防喷头
消防暖通,水灭火系统,消防锁扣
消防暖通,水灭火系统,消防枪
消防暖通,水灭火系统,消防水带
消防暖通,水灭火系统,消防水系接合器
消防暖通,水灭火系统,消防水炮
消防暖通,消防工具,消防扳手
消防暖通,消防工具,消防斧
消防暖通,消防工具,消防服
消防暖通,消防工具,消防锤
消防暖通,消防工具,消防面具
消防暖通,消防工具,逃生绳
消防暖通,灭火器,灭火器
消防暖通,灭火器,灭火器箱
消防暖通,灭火器,灭火器配件及其他
消防暖通,监测预警,在线监测仪表
消防暖通,监测预警,报警器材
消防暖通,监测预警,紧急开关按钮
消防暖通,空调系统,冷热水机组
消防暖通,空调系统,吸顶式中央空调
消防暖通,空调系统,壁挂式空调
消防暖通,空调系统,立柜式空调
消防暖通,空调系统,除湿机
消防暖通,空调系统,风机盘管
消防暖通,路面材料,广场砖
消防暖通,路面材料,植草砖
消防暖通,路面材料,盲道砖
消防暖通,路面材料,路沿石
消防暖通,路面材料,透水砖
消防暖通,路面材料,青砖
消防暖通,通风系统,排气帽
消防暖通,通风系统,排风扇
消防暖通,通风系统,散流器
消防暖通,通风系统,空气净化
消防暖通,通风系统,通风机
消防暖通,通风系统,通风管道及其配件
消防暖通,通风系统,风幕机
消防暖通,通风系统,鼓风机
消防暖通,道路附属,交通岗亭
消防暖通,道路附属,化粪池
消防暖通,道路附属,土工材料
消防暖通,道路附属,挡车器
消防暖通,道路附属,橡胶路沿坡
消防暖通,道路附属,水箱
消防暖通,道路附属,生料带
防水保温,保温板,岩棉板
防水保温,保温板,挤塑板XPS
防水保温,保温板,橡塑保温板
防水保温,保温板,水泥发泡保温板
防水保温,保温板,泡沫玻璃板
防水保温,保温板,玻璃棉板
防水保温,保温板,硅酸铝铠保温板
防水保温,保温板,聚苯乙烯板
防水保温,保温板,聚氨酯保温板
防水保温,保温板,聚苯乙烯保温板EPS
防水保温,保温管,橡塑保温管
防水保温,保温管,泡沫玻璃管
防水保温,保温管,玻璃棉管
防水保温,保温管,聚氨酯保温管
防水保温,保温辅材,保温胶
防水保温,保温辅材,保温钉
防水保温,保温辅材,屋面瓦
防水保温,保温辅材,电伴热带
防水保温,堵漏材料,无机堵漏材料
防水保温,堵漏材料,油膏
防水保温,堵漏材料,注浆器
防水保温,堵漏材料,灌浆料
防水保温,堵漏材料,聚氨酯注浆液
防水保温,嵌缝材料,反射膜
防水保温,嵌缝材料,发泡胶专用金属枪
防水保温,嵌缝材料,填缝剂/发泡剂
防水保温,嵌缝材料,嵌缝带
防水保温,嵌缝材料,玻璃胶枪
防水保温,嵌缝材料,网格布
防水保温,无机保温,玻化微珠
防水保温,无机保温,珍珠岩
防水保温,无机保温,聚合物抗裂保温砂浆
防水保温,无机保温,胶粉聚苯颗粒保温砂浆
防水保温,无机保温,陶粒
防水保温,止水材料,橡胶止水带
防水保温,止水材料,遇水膨胀止水条
防水保温,防水卷材,SBS/APP防水卷材
防水保温,防水卷材,油毡
防水保温,防水卷材,湿铺防水卷材
防水保温,防水卷材,耐根穿刺防水卷材
防水保温,防水卷材,自粘防水卷材
防水保温,防水卷材,预铺防水卷材
防水保温,防水卷材,高分子防水卷材
防水保温,防水涂料,丙烯酸防水涂料
防水保温,防水涂料,刚性防水涂料
防水保温,防水涂料,橡胶沥青防水涂料
防水保温,防水涂料,聚合物水泥防水涂料
防水保温,防水涂料,聚氨酯防水涂料
防水保温,防水辅材,基层处理剂
防水保温,防水辅材,密封胶
防水保温,防水辅材,密封膏
防水保温,防水辅材,无纺布
防水保温,防水辅材,防水剂
防水保温,防水辅材,防水胶
防水保温,化学建材,减水剂
防水保温,化学建材,缓凝剂
防水保温,化学建材,早强剂
防水保温,化学建材,防冻剂
防水保温,化学建材,膨胀剂
防水保温,化学建材,防水剂
防水保温,化学建材,堵漏剂
防水保温,粘结材料,瓷砖胶
防水保温,粘结材料,背胶
防水保温,粘结材料,结构胶
防水保温,粘结材料,密封胶
防水保温,粘结材料,玻璃胶
防水保温,粘结材料,发泡胶
防水保温,粘结材料,填缝剂
防水保温,防水材料,防水卷材
防水保温,防水材料,防水涂料
防水保温,防水材料,防水砂浆
防水保温,防水材料,堵漏王
防水保温,防水材料,止水带
防水保温,防水材料,止水条
装饰材料,化工辅料,化工剂
装饰材料,化工辅料,树脂
装饰材料,化工辅料,水玻璃
装饰材料,化工辅料,稀释剂
装饰材料,化工辅料,自喷漆
装饰材料,化工辅料,除锈剂
装饰材料,地坪漆,环氧地坪漆
装饰材料,地坪漆,环氧彩砂/彩石/磨石涂料
装饰材料,地面材料,地垫
装饰材料,地面材料,地板
装饰材料,地面材料,地板革
装饰材料,地面材料,地毡
装饰材料,地面材料,踢脚线
装饰材料,地面材料,防腐木
装饰材料,墙地砖,仿古砖
装饰材料,墙地砖,大理石瓷砖
装饰材料,墙地砖,抛光砖
装饰材料,墙地砖,玻化砖
装饰材料,墙地砖,釉面砖
装饰材料,墙地砖,防滑砖
装饰材料,墙地砖,马赛克瓷砖
装饰材料,墙面材料,PVC板
装饰材料,墙面材料,亚克力板
装饰材料,墙面材料,刨花板
装饰材料,墙面材料,吸音板
装饰材料,墙面材料,壁纸
装饰材料,墙面材料,多层板/三合板
装饰材料,墙面材料,密度纤维板
装饰材料,墙面材料,硅酸钙板
装饰材料,墙面材料,纤维水泥板
装饰材料,墙面材料,细木工板
装饰材料,墙面材料,聚四氯乙烯板
装饰材料,墙面材料,饰面板
装饰材料,墙面涂料,仿石漆
装饰材料,墙面涂料,内墙乳胶漆
装饰材料,墙面涂料,外墙乳胶漆
装饰材料,墙面涂料,底漆
装饰材料,墙面涂料,真石漆
装饰材料,墙面涂料,罩面清漆
装饰材料,墙面涂料,腻子
装饰材料,天棚材料,PVC结构拉缝板
装饰材料,天棚材料,石膏板
装饰材料,天棚材料,硅酸钙板
装饰材料,天棚材料,铝塑板
装饰材料,天棚材料,铝扣板
装饰材料,天棚材料,阳光板
装饰材料,工业涂料,划线涂料
装饰材料,工业涂料,磁漆
装饰材料,工业涂料,调和漆
装饰材料,工业涂料,金属漆
装饰材料,工业涂料,防火涂料
装饰材料,工业涂料,防腐涂料
装饰材料,工业涂料,防锈漆
装饰材料,木器漆,木器腻子
装饰材料,玻璃,钢化玻璃
装饰材料,石材,人造石
装饰材料,石材,大理石
装饰材料,石材,文化石
装饰材料,石材,砂岩
装饰材料,石材,花岗石
装饰材料,装饰地材,标准砂
装饰材料,装饰地材,砂浆
装饰材料,装饰地材,砂浆添加物
装饰材料,装饰地材,黄沙
装饰材料,装饰辅材,AB胶/免钉胶
装饰材料,装饰辅材,万能胶
装饰材料,装饰辅材,云石胶
装饰材料,装饰辅材,分格条/压条
装饰材料,装饰辅材,密封条
装饰材料,装饰辅材,护角
装饰材料,装饰辅材,排气管
装饰材料,装饰辅材,格栅
装饰材料,装饰辅材,检修口
装饰材料,装饰辅材,橡胶制品
装饰材料,装饰辅材,白乳胶
装饰材料,装饰辅材,真瓷胶
装饰材料,装饰辅材,石膏及制品
装饰材料,装饰辅材,美缝剂
装饰材料,装饰辅材,装饰线条
装饰材料,装饰辅材,金刚砂
装饰材料,装饰辅材,隔断板材
装饰材料,门窗幕墙,U型防撬锁
装饰材料,门窗幕墙,合页
装饰材料,门窗幕墙,地弹簧
装饰材料,门窗幕墙,定位器
装饰材料,门窗幕墙,执手
装饰材料,门窗幕墙,挂锁
装饰材料,门窗幕墙,插销
装饰材料,门窗幕墙,滑轨
装饰材料,门窗幕墙,球形门锁
装饰材料,门窗幕墙,碰锁
装饰材料,门窗幕墙,配电箱门锁
装饰材料,门窗幕墙,链锁
装饰材料,门窗幕墙,门扣吊
装饰材料,门窗幕墙,门轴
装饰材料,龙骨,轻钢龙骨
装饰材料,板材,实木板
装饰材料,板材,多层板
装饰材料,板材,密度板
装饰材料,板材,刨花板
装饰材料,板材,生态板
装饰材料,板材,阻燃板
装饰材料,板材,防水板
装饰材料,板材,吸音板
装饰材料,地板,SPC地板
装饰材料,地板,WPC地板
装饰材料,地板,实木地板
装饰材料,地板,复合地板
装饰材料,地板,强化地板
装饰材料,地板,防静电地板
装饰材料,涂料,内墙乳胶漆
装饰材料,涂料,外墙乳胶漆
装饰材料,涂料,真石漆
装饰材料,涂料,仿石漆
装饰材料,涂料,艺术漆
装饰材料,涂料,防水涂料
装饰材料,涂料,防火涂料
装饰材料,吊顶材料,轻钢龙骨
装饰材料,吊顶材料,石膏板
装饰材料,吊顶材料,矿棉板
装饰材料,吊顶材料,铝扣板
装饰材料,吊顶材料,PVC扣板
装饰材料,吊顶材料,硅酸钙板
装饰材料,吊顶材料,纤维水泥板
装饰材料,吊顶配件,吊杆
装饰材料,吊顶配件,吊筋
装饰材料,吊顶配件,主龙骨
装饰材料,吊顶配件,副龙骨
装饰材料,吊顶配件,边角线
装饰材料,吊顶配件,收边条
装饰材料,吊顶配件,石膏线
装饰材料,门窗型材,铝合金型材
装饰材料,门窗型材,塑钢型材
装饰材料,门窗型材,断桥铝型材
装饰材料,门窗型材,门窗五金
装饰材料,门窗型材,玻璃配件
日杂用品,仓储,储物桶
日杂用品,仓储,移动脚手架
日杂用品,仓储,货架
日杂用品,仓储,集装箱
日杂用品,包装,塑料包装绳
日杂用品,包装,工作台
日杂用品,包装,打包带
日杂用品,包装,打包扣
日杂用品,包装,打包机
日杂用品,包装,缠绕膜
日杂用品,包装,胶带
日杂用品,搬运,包装袋
日杂用品,搬运,叉车
日杂用品,搬运,手推车
日杂用品,搬运,梯具
日杂用品,搬运,脚轮
日杂用品,清洁,垃圾处理
日杂用品,清洁,清洁工具
日杂用品,清洁,清洗用品
日杂用品,零星材料,零星材料
建筑钢材,丝网,不锈钢筛网
建筑钢材,丝网,工地绑丝
建筑钢材,丝网,收口网
建筑钢材,丝网,网片
建筑钢材,丝网,钢丝
建筑钢材,丝网,钢板网
建筑钢材,丝网,铁丝
建筑钢材,丝网,铁丝网
建筑钢材,型材,H型钢
建筑钢材,型材,不等边角钢
建筑钢材,型材,工字钢
建筑钢材,型材,扁钢
建筑钢材,型材,桩芯钢板
建筑钢材,型材,槽钢
建筑钢材,型材,等边角钢
建筑钢材,板材,不锈钢板
建筑钢材,板材,其他钢板
建筑钢材,板材,冷轧钢板
建筑钢材,板材,热轧钢板
建筑钢材,板材,热镀锌钢板
建筑钢材,板材,花纹钢板
建筑钢材,板材,镀锌板卷
建筑钢材,钢筋,圆钢
建筑钢材,钢筋,螺纹钢
建筑钢材,钢筋,钢筋接头
建筑钢材,钢筋,钢筋支撑架
建筑钢材,钢管材,声测管
建筑钢材,钢管材,声测管管件
建筑钢材,钢管材,方钢管
建筑钢材,钢管材,无缝钢管
建筑钢材,钢管材,热镀锌钢管
建筑钢材,钢管材,焊接钢管
建筑钢材,钢管材,螺旋焊管
建筑钢材,钢结构,H型钢
建筑钢材,钢结构,工字钢
建筑钢材,钢结构,槽钢
建筑钢材,钢结构,角钢
建筑钢材,钢结构,方管
建筑钢材,钢结构,圆管
建筑钢材,钢结构,钢板
建筑钢材,钢结构,花纹板
建筑钢材,钢结构,镀锌板
建筑钢材,建筑模板,木模板
建筑钢材,建筑模板,钢模板
建筑钢材,建筑模板,铝模板
建筑钢材,建筑模板,塑料模板
建筑钢材,建筑模板,清水模板
建筑钢材,建筑模板,覆膜板
建筑钢材,脚手架,钢管脚手架
建筑钢材,脚手架,扣件
建筑钢材,脚手架,脚手板
建筑钢材,脚手架,安全网
建筑钢材,脚手架,爬架
建筑钢材,脚手架,脚手架配件
机械设备,机械及配件,升降机
机械设备,机械及配件,发电机
机械设备,机械及配件,吸尘吸水机
机械设备,机械及配件,塔吊喷淋机
机械设备,机械及配件,布料机
机械设备,机械及配件,打夯机
机械设备,机械及配件,水泵水带
机械设备,机械及配件,注浆机
机械设备,机械及配件,洒水车
机械设备,机械及配件,混凝土搅拌机
机械设备,机械及配件,混凝土输送泵
机械设备,机械及配件,清洗机
机械设备,机械及配件,电动机
机械设备,机械及配件,空压机
机械设备,机械及配件,雾炮机
机械设备,机械及配件,高压灌浆机
机械设备,机械保养,润滑油
机械设备,设备,乘用车
机械设备,设备,变频器
机械设备,设备,开关控制箱
机械设备,设备,水泵控制箱
机械设备,水泵,其他泵
机械设备,水泵,排水泵
机械设备,水泵,消防泵
机械设备,水泵,清水泵
机械设备,水泵,给水泵
机械设备,轴承皮带,皮带
机械设备,轴承皮带,轴承
办公用品,IT/数码/通讯/办公设备,办公家电
办公用品,IT/数码/通讯/办公设备,存储设备
办公用品,IT/数码/通讯/办公设备,影像设备
办公用品,IT/数码/通讯/办公设备,电脑外设
办公用品,IT/数码/通讯/办公设备,电脑整机
办公用品,IT/数码/通讯/办公设备,电脑配件
办公用品,IT/数码/通讯/办公设备,网络设备
办公用品,IT/数码/通讯/办公设备,通讯设备
办公用品,办公家具,储物柜
办公用品,办公家具,床
办公用品,办公家具,座椅
办公用品,办公家具,桌台
办公用品,办公文具,会议展示用品
办公用品,办公文具,修正用品
办公用品,办公文具,名片册/盒/夹
办公用品,办公文具,墨水/墨汁补充液
办公用品,办公文具,文件盒/袋/夹/架/包
办公用品,办公文具,本册纸品
办公用品,办公文具,桌面文具
办公用品,办公文具,票据包(册)
办公用品,办公文具,笔
办公用品,办公文具,笔芯
办公用品,办公文具,财务行政用品
办公用品,办公文具,资料册
办公用品,办公日杂,一次性用品
办公用品,办公日杂,医护用品
办公用品,办公日杂,床品套件
办公用品,办公日杂,日常用品
办公用品,办公日杂,洗护用品
办公用品,办公日杂,清洁用品
办公用品,办公日杂,生活用纸
办公用品,办公日杂,运动休闲用品
办公用品,办公日杂,食品饮料
办公用品,办公耗材,其他耗材
办公用品,办公耗材,墨盒
办公用品,办公耗材,墨粉
办公用品,办公耗材,硒鼓
办公用品,办公耗材,色带
办公用品,办公设备,传真机
办公用品,办公设备,复印机
办公用品,办公设备,多功能一体机
办公用品,办公设备,打印机
办公用品,办公设备,演示设备
办公用品,办公设备,财务行政设备
办公用品,防疫专区,保健器械
办公用品,防疫专区,医废处理
办公用品,防疫专区,四肢防护
办公用品,防疫专区,护理用品
办公用品,防疫专区,消杀用品
办公用品,防疫专区,消杀装备
办公用品,防疫专区,身体防护
办公用品,防疫专区,防护设备
办公用品,防疫专区,面部防护
办公用品,办公用纸,传真纸
办公用品,办公用纸,其他纸
办公用品,办公用纸,印刷用纸
办公用品,办公用纸,宣纸
办公用品,办公用纸,收银纸
办公用品,办公用纸,普通复印纸
办公用品,办公用纸,牛皮纸
办公用品,办公用纸,电脑打印纸
办公用品,办公用纸,相片纸
